store_name,product_type,product_details,package_size,unit,regular_price,collection_date,brand,store_location,source_url,notes
Trader Joe's,pasta,Regular spaghetti; imported Italian pasta made from semolina and water,16.0,oz,0.99,2026-08-06,Trader Joe's,"233 Spring St, New York, NY 10013",https://www.traderjoes.com/home/products/pdp/spaghetti-047910,
Morton Williams,pasta,"Regular spaghetti, made with 100 durum semolina, excellent source of folic acid",16.0,oz,1.99,2026-08-06,Bowl & Basket,"130 Bleecker St, New York, NY 10012",https://shop.mortonwilliams.com/store/morton-williams-supermarket/products/21197404-srbb-8-spaghetti-each,
Whole Foods,pasta,"Regular spaghetti, made with durum semolina, classic pasta texture and flavor",16.0,oz,1.29,2026-08-06,365 by Whole Foods Market,"95 E Houston St, New York, NY 10002",https://www.wholefoodsmarket.com/grocery/product/365-by-whole-foods-market-spaghetti-16-ounce-b074j76xfz?ref_=US_OTR_ALL_UFG_WFM_OTHER_0542341,
Trader Joe's,pasta sauce,Tomato basil marinara sauce,24.0,oz,1.99,2026-08-06,Trader Joe's,"233 Spring St, New York, NY 10013",https://www.traderjoes.com/home/products/pdp/tomato-basil-marinara-sauce-045029,
Morton Williams,pasta sauce,Tomato basil pasta sauce,24.0,oz,2.99,2026-08-06,Bowl & Basket,"130 Bleecker St, New York, NY 10012",https://shop.mortonwilliams.com/store/morton-williams-supermarket/products/21962049-bowl-basket-pasta-sauce-24-oz,
Whole Foods,pasta sauce,Tomato basil/Marinara/Italian herb pasta sauce (three flavors available at the same size and price); product is organic,25.0,oz,3.49,2026-08-06,365 by Whole Foods Market,"95 E Houston St, New York, NY 10002",https://www.wholefoodsmarket.com/grocery/product/tomato-basil-b074h51qby,"Closest available size (25 oz instead of 24). Product is organic, and there are three flavors available at the same size and price. "
Trader Joe's,black beans,Regular canned black beans,15.5,oz,0.99,2026-08-06,Trader Joe's,"233 Spring St, New York, NY 10013",https://www.traderjoes.com/home/products/pdp/black-beans-009636,Closest available size (15.5 oz instead of 15)
Morton Williams,black beans,Regular canned black beans,15.0,oz,1.59,2026-08-06,Bowl & Basket,"130 Bleecker St, New York, NY 10012",https://shop.mortonwilliams.com/store/morton-williams-supermarket/products/27786223-bowl-basket-beans-15-oz,
Whole Foods,black beans,Regular canned black beans; unsalted,15.0,oz,1.09,2026-08-06,365 by Whole Foods Market,"95 E Houston St, New York, NY 10002",https://www.wholefoodsmarket.com/grocery/product/365-by-whole-foods-market-unsalted-black-beans-15-ounce-b074h58y5b?ref_=US_OTR_ALL_UFG_WFM_OTHER_0542341,
